{"cameraMode":{"drawMode":0,"name":"Shaded","section":"Shading Mode"},"sceneLighting":false,"audioPlay":false,"sceneViewState":{"showFog":true,"showMaterialUpdate":false,"showSkybox":true,"showFlares":true,"showImageEffects":true,"showParticleSystems":true},"in2DMode":false,"pivot":{"x":5.362419128417969,"y":3.4222755432128908,"z":-5.7971038818359379},"rotation":{"x":0.20975466072559358,"y":0.3187226355075836,"z":-0.07254885137081146,"w":0.9214963912963867},"size":5.2620530128479,"orthographic":false}