{"cameraMode":{"drawMode":0,"name":"Shaded","section":"Shading Mode"},"sceneLighting":false,"audioPlay":false,"sceneViewState":{"showFog":true,"showMaterialUpdate":false,"showSkybox":true,"showFlares":true,"showImageEffects":true,"showParticleSystems":true},"in2DMode":false,"pivot":{"x":0.9572820663452148,"y":2.5448436737060549,"z":0.38854312896728518},"rotation":{"x":-0.15850482881069184,"y":0.2650884985923767,"z":-0.04422531649470329,"w":-0.9500781297683716},"size":15.681450843811036,"orthographic":false}