{"cameraMode":{"drawMode":0,"name":"Shaded","section":"Shading Mode"},"sceneLighting":false,"audioPlay":false,"sceneViewState":{"showFog":true,"showMaterialUpdate":false,"showSkybox":true,"showFlares":true,"showImageEffects":true,"showParticleSystems":true},"in2DMode":false,"pivot":{"x":297.212646484375,"y":239.60194396972657,"z":95.45721435546875},"rotation":{"x":0.10958638787269592,"y":0.01043105497956276,"z":-0.001149425865150988,"w":0.9939274191856384},"size":700.6068725585938,"orthographic":false}