{"cameraMode":{"drawMode":0,"name":"Shaded","section":"Shading Mode"},"sceneLighting":false,"audioPlay":false,"sceneViewState":{"showFog":true,"showMaterialUpdate":false,"showSkybox":true,"showFlares":true,"showImageEffects":true,"showParticleSystems":true},"in2DMode":false,"pivot":{"x":-4.624654769897461,"y":1.0416784286499024,"z":-7.572641372680664},"rotation":{"x":0.018894502893090249,"y":0.9718025326728821,"z":-0.2196727842092514,"w":0.08358670026063919},"size":5.318124771118164,"orthographic":false}