{"cameraMode":{"drawMode":0,"name":"Shaded","section":"Shading Mode"},"sceneLighting":false,"audioPlay":false,"sceneViewState":{"showFog":true,"showMaterialUpdate":false,"showSkybox":true,"showFlares":true,"showImageEffects":true,"showParticleSystems":true},"in2DMode":false,"pivot":{"x":8.037948608398438,"y":1.5410184860229493,"z":-9.08694839477539},"rotation":{"x":0.332478404045105,"y":-0.21246205270290376,"z":0.07714839279651642,"w":0.9156233668327332},"size":3.7578835487365724,"orthographic":false}